<?xml version="1.0" encoding="UTF-8"?>
<!DOCTYPE mapper PUBLIC "-//mybatis.org//DTD Mapper 3.0//EN" "http://mybatis.org/dtd/mybatis-3-mapper.dtd">
<mapper namespace="com.six.movie.mapper.UserMapper">

    <resultMap id="BaseResultMap" type="com.six.movie.entity.User">
        <result column="id" jdbcType="INTEGER" property="id"/>
        <result column="user_name" jdbcType="VARCHAR" property="userName"/>
        <result column="user_pwd" jdbcType="VARCHAR" property="passWord"/>
        <result column="true_name" jdbcType="VARCHAR" property="realName"/>
    </resultMap>

    <select id="selectUserByPassword" resultType="com.six.movie.entity.User">
        SELECT
        t.userid,
        t.username,
        t.`password`,
        t.phone,
        t.realname,
        t.is_valid
        FROM
        t_user AS t
        where t.username = #{userName}
        and  t.is_valid=1
    </select>

    <select id="selectUserIdByUserName" parameterType="java.lang.String" resultType="java.lang.Long">
        select userid
        from t_user
        where username = #{userName, jdbcType=VARCHAR}
    </select>

    <insert id="addUser" parameterType="com.six.movie.query.UserQuery">
        insert into t_user(username, password, realname, email, phone, is_valid, create_date, update_date)
        values (
          #{userName, jdbcType=VARCHAR},
          #{passWord, jdbcType=VARCHAR},
          #{realName, jdbcType=VARCHAR},
          #{email, jdbcType=VARCHAR},
          #{phone, jdbcType=VARCHAR},
          1,
          now(),
          now()
        )
    </insert>

    <update id="updateUser" parameterType="com.six.movie.query.UserQuery">
        update t_user
        <set>
            <if test="realName !=null">
                realname = #{realName},
            </if>
            <if test="email !=null">
                email = #{email},
            </if>
            <if test="phone !=null">
                phone = #{phone},
            </if>
            <if test="headImage !=null">
                head_image = #{headImage},
            </if>
            update_date = now()
        </set>
        where userid = #{userId}
    </update>

    <select id="selectPwdByUserId" parameterType="java.lang.Integer" resultType="java.lang.String">
        select password
        from t_user
        where userid = #{userId}
    </select>

    <update id="modifyUserPwd" >
        update t_user
        <set>
            password = #{newPwd},
            update_date = now()
        </set>
        where userid = #{userId}
    </update>
    <select id="selectAllUser"  resultType="java.util.Map">
        select * from t_user
    </select>


</mapper>